repo_name,issue_number,title,labels
portfolio,135,Code snippet for public commits per day,"documentation, enhancement, good first issue, frontend"
portfolio,127,add public speaking and educator optimisations,"enhancement, SEO"
portfolio,105,implement radar graph for skills,enhancement
Elenchus,7,add functionality to hear external audio,enhancement
Elenchus,6,make website,enhancement
Elenchus,5,make precompiled binaries,enhancement
Elenchus,3,UI version improvements,enhancement
second-brain,222,Logo design skill,feature-request
second-brain,219,Quantum biology,feature-request
second-brain,195,Clean UI resource,feature-request
second-brain,194,Ken thompson: Malicious code in compiler,feature-request
second-brain,193,Read this article on package manager,feature-request
second-brain,187,Learn about this,feature-request
second-brain,178,ML Metrics,feature-request
second-brain,177,Waldorf education system,feature-request
second-brain,173,Dry vs Wet,feature-request
second-brain,172,Evolutionary architecture,feature-request
second-brain,170,Quantum entanglement or spooky action at a distance,feature-request
second-brain,169,Add topic tile for business,feature-request
second-brain,161,Write this somewhere,
second-brain,160,Correction: Miscellaneous & Fun,bug
second-brain,137,Notes from Inference Engineering,
second-brain,102,User based accent selection,
second-brain,95,[Bug] Fix notes,
journals,17,add a copy button for any code snippet block,bug
journals,12,implement SEO. AEO and GEO,enhancement
vent,1,implement praw when api key arrives,"enhancement, good first issue"
tram,1,"TRAM MVP (install, remove, list, check) using Python Standard Library",
SERPENT,31,make library that can explain a function it is passed onto,enhancement
SERPENT,26,implement english to flow chart,enhancement
yoink,17,ModuleNotFoundError: No module named 'yoink',bug
yoink,6,brainstorm implementation into CLI tools,
Natural-LangWiz,50,Tidy up the project,enhancement
Natural-LangWiz,49,Coreference Resolution,
Natural-LangWiz,48,Dependency Parsing,
Natural-LangWiz,47,Fine-Tuning a Transformer Model,
Natural-LangWiz,46,Relationship Extraction,
Natural-LangWiz,45,Word Embeddings,
DORA,71,streamlit app broke,bug
DORA,70,improve tui,enhancement
DORA,67,implement time series analysis,enhancement
DORA,63,Update the demo website,enhancement
DORA,62,update text color for readability,enhancement
DORA,46,add handling for UCI repository like kaggle,enhancement
DORA,42,add custom color palette + dark mode,enhancement
Theseus,80,migrate to unittest,
Theseus,79,css improvements,enhancement
Theseus,76,ui feedback from regina,"enhancement, ui/ux"
Theseus,75,make the ui responsive,"enhancement, ui/ux"
Theseus,61,Try integrating bend,"enhancement, help wanted"
Theseus,30,Star summary,
Theseus,27,feat: support for local repository paths,enhancement
getting-rusty,1,getting started with basics,documentation
doh,22,more cybersecurity questions,add-questions
doh,21,add myth busters,"enhancement, add-questions"
WhatsNew,12,adding new feeds,
WhatsNew,7,Add logic to archive all the news on the yearly basis,
lexical-labyrinths,1,set-up and mvp,
rule-of-5-visualiser,3,implement visualisation,enhancement
MarkMyBench,4,Traditional RAG vs PageIndex RAG,enhancement
MarkMyBench,3,pandas vs polars,
Hireoglyphics,9,mvp,enhancement
RecommendationHaki,69,feat: improve description based recommendation,enhancement
RecommendationHaki,68,feat: connect with MyAnimeList and similar platforms,enhancement
RecommendationHaki,67,feat: add toggle for nsfw recommedation,enhancement
TenNine,10,data-enrichment,enhancement
TenNine,9,feature-engineering,enhancement
song-to-karaoke,1,make the mvp,
open-see-wee,40,Deployment,
open-see-wee,39,Edge detection module,
open-see-wee,38,Morphology module,
open-see-wee,37,Blur and sharpen module,
open-see-wee,36,Project Skeleton & Basic I/O,
open-see-wee,33,Create an interactive playground,enhancement
open-see-wee,32,Pivot to Jupyter notebook,
open-see-wee,31,Add argparser support,
WhatsTheSource,4,Add the title to the result,
WhatsTheSource,3,Making the MVP,
LittleLogger,22,"Test if we support GridSearch and things like ""Multithreading"" / ""Multiprocessing""",documentation
playground-repo,21,Learn and understand lean programming,
playground-repo,20,Play around with RShiny,
playground-repo,16,Play around with Numba,
playground-repo,15,Explore PyPy interpreter,
playground-repo,14,Check the yield function instead of return,
playground-repo,13,Try Py Narrative,test
playground-repo,12,Try POML,test
playground-repo,10,Markdown to image,test
playground-repo,8,Try GPT researcher,
playground-repo,7,Explore sound based AI algorithms,test
playground-repo,5,try ELI5,
playground-repo,3,try pypalette,
PlateScribe,20,enchaning the model output,
trend-analysis,1,smart-phone-ind-2025,
StoDir,45,Use Cython for train.py,enhancement
StoDir,43,data acquisition,
StoDir,40,Portfolio Generalization,enhancement
streamit-smoketester,1,setup the repository,enhancement
mba-python-course,1,generate-introduction-module,
reinventing-the-wheel,1,tokenizer,
CodeCorsa,1,inital-prototype,enhancement
VibeCheck,1,development,
UFC-Fighter-Stats,1,scraper prototyping,
deep-learning,8,ann-practice,
tree-logic-extractor,5,implementing streamlit ui,enhancement
QuickVU,30,improving the existing framework,
QuickVU,29,model selection,
finger-flow,1,hand tracking module,
AskTube,1,development,enhancement
Rec-it-Ralph,1,data wrangling,enhancement
FoxFeed,1,set up,
customer-satisfaction,8,deployment,
ResuMaze,4,parsing and extraction,
ThreadRace,3,fixing directory structure,
monte-carlo-simulation,3,martingale strategy,
AsiFunctions,9,formatting improvements,
